CompanyCode,ssoGuid,name
351345,LOGRCdQUNuBWTQBiBOijPrWqlUqvJ,Hayden
562086,LOGRCdQUNuBWTQBiBOijPrWqlUqvJ,Hayden
788064,LOGRCdQUNuBWTQBiBOijPrWqlUqvJ,Hayden
404645,LOGRCdQUNuBWTQBiBOijPrWqlUqvJ,Hayden
100776,LOGRCdQUNuBWTQBiBOijPrWqlUqvJ,Hayden
960072,LOGRCdQUNuBWTQBiBOijPrWqlUqvJ,Hayden
292834,LOGRCdQUNuBWTQBiBOijPrWqlUqvJ,Hayden
587736,LOGRCdQUNuBWTQBiBOijPrWqlUqvJ,Hayden
489737,LOGRCdQUNuBWTQBiBOijPrWqlUqvJ,Hayden
121822,LOGRCdQUNuBWTQBiBOijPrWqlUqvJ,Hayden
948813,LOGRCdQUNuBWTQBiBOijPrWqlUqvJ,Hayden
959509,LOGRCdQUNuBWTQBiBOijPrWqlUqvJ,Hayden
100292,LOGRCdQUNuBWTQBiBOijPrWqlUqvJ,Hayden
70781,LOGRCdQUNuBWTQBiBOijPrWqlUqvJ,Hayden
523692,LOGRCdQUNuBWTQBiBOijPrWqlUqvJ,Hayden
124332,LOGRCdQUNuBWTQBiBOijPrWqlUqvJ,Hayden
180496,LOGRCdQUNuBWTQBiBOijPrWqlUqvJ,Hayden
813174,LOGRCdQUNuBWTQBiBOijPrWqlUqvJ,Hayden
191841,LOGRCdQUNuBWTQBiBOijPrWqlUqvJ,Hayden
774507,LOGRCdQUNuBWTQBiBOijPrWqlUqvJ,Hayden
631178,LOGRCdQUNuBWTQBiBOijPrWqlUqvJ,Hayden
327599,LOGRCdQUNuBWTQBiBOijPrWqlUqvJ,Hayden
757881,LOGRCdQUNuBWTQBiBOijPrWqlUqvJ,Hayden
958663,LOGRCdQUNuBWTQBiBOijPrWqlUqvJ,Hayden
682141,LOGRCdQUNuBWTQBiBOijPrWqlUqvJ,Hayden
524794,LOGRCdQUNuBWTQBiBOijPrWqlUqvJ,Hayden
512491,LOGRCdQUNuBWTQBiBOijPrWqlUqvJ,Hayden
193597,LOGRCdQUNuBWTQBiBOijPrWqlUqvJ,Hayden
